Gmt time,Open,High,Low,Close,Volume
31.12.2017 22:00:00.000,1.20075,1.20075,1.20075,1.20075,0
01.01.2018 22:00:00.000,1.20143,1.20813,1.20044,1.20590,198843.00019999998
02.01.2018 22:00:00.000,1.20590,1.20664,1.20015,1.20146,202783.8714
03.01.2018 22:00:00.000,1.20146,1.20890,1.20046,1.20685,210052.71980000005
04.01.2018 22:00:00.000,1.20684,1.20833,1.20209,1.20314,199758.32799999995
05.01.2018 22:00:00.000,1.20314,1.20314,1.20314,1.20314,0
06.01.2018 22:00:00.000,1.20314,1.20314,1.20314,1.20314,0
07.01.2018 22:00:00.000,1.20297,1.20525,1.19561,1.19679,192051.28029999998
08.01.2018 22:00:00.000,1.19680,1.19757,1.19158,1.19372,217120.67059999998
09.01.2018 22:00:00.000,1.19374,1.20181,1.19234,1.19479,263172.8187
10.01.2018 22:00:00.000,1.19475,1.20591,1.19294,1.20322,249176.07900000006
11.01.2018 22:00:00.000,1.20325,1.22186,1.20312,1.22051,288025.8606
12.01.2018 22:00:00.000,1.22051,1.22051,1.22051,1.22051,0
13.01.2018 22:00:00.000,1.22051,1.22051,1.22051,1.22051,0
14.01.2018 22:00:00.000,1.21962,1.22968,1.21879,1.22638,235460.9003
15.01.2018 22:00:00.000,1.22643,1.22831,1.21954,1.22606,264771.9128
16.01.2018 22:00:00.000,1.22606,1.23233,1.21775,1.21868,292549.20869999996
17.01.2018 22:00:00.000,1.21868,1.22650,1.21656,1.22394,261062.99850000002
18.01.2018 22:00:00.000,1.22393,1.22956,1.22150,1.22174,258754.03040000002
19.01.2018 22:00:00.000,1.22174,1.22174,1.22174,1.22174,0
20.01.2018 22:00:00.000,1.22174,1.22174,1.22174,1.22174,0
21.01.2018 22:00:00.000,1.22708,1.22739,1.22142,1.22626,233191.27889999998
22.01.2018 22:00:00.000,1.22626,1.23063,1.22231,1.22989,264623.7301
23.01.2018 22:00:00.000,1.22989,1.24151,1.22925,1.24087,304541.0391
24.01.2018 22:00:00.000,1.24087,1.25375,1.23643,1.23978,370795.30859999993
25.01.2018 22:00:00.000,1.23979,1.24938,1.23709,1.24315,333587.64759999997
26.01.2018 22:00:00.000,1.24315,1.24315,1.24315,1.24315,0
27.01.2018 22:00:00.000,1.24315,1.24315,1.24315,1.24315,0
28.01.2018 22:00:00.000,1.24291,1.24326,1.23369,1.23826,295482.9368
29.01.2018 22:00:00.000,1.23831,1.24541,1.23352,1.24030,307183.77979999996
30.01.2018 22:00:00.000,1.24029,1.24750,1.23874,1.24139,316425.27290000004
31.01.2018 22:00:00.000,1.24139,1.25233,1.23856,1.25101,311891.56120000005
01.02.2018 22:00:00.000,1.25118,1.25183,1.24094,1.24608,307013.20279999997
02.02.2018 22:00:00.000,1.24608,1.24608,1.24608,1.24608,0
03.02.2018 22:00:00.000,1.24608,1.24608,1.24608,1.24608,0
04.02.2018 22:00:00.000,1.24391,1.24751,1.23630,1.23672,317842.69180000003
05.02.2018 22:00:00.000,1.23673,1.24348,1.23141,1.23774,399482.7416
06.02.2018 22:00:00.000,1.23777,1.24059,1.22460,1.22648,308918.74840000004
07.02.2018 22:00:00.000,1.22653,1.22951,1.22124,1.22474,346491.3683000001
08.02.2018 22:00:00.000,1.22475,1.22875,1.22058,1.22535,339834.8084
09.02.2018 22:00:00.000,1.22535,1.22535,1.22535,1.22535,0
10.02.2018 22:00:00.000,1.22535,1.22535,1.22535,1.22535,0
11.02.2018 22:00:00.000,1.22501,1.22972,1.22353,1.22920,246065.01990000004
12.02.2018 22:00:00.000,1.22918,1.23713,1.22847,1.23530,259920.3909
13.02.2018 22:00:00.000,1.23529,1.24653,1.22763,1.24516,308741.05189999996
14.02.2018 22:00:00.000,1.24522,1.25105,1.24483,1.25063,300206.6293
15.02.2018 22:00:00.000,1.25063,1.25556,1.23935,1.24123,294433.75969999994
16.02.2018 22:00:00.000,1.24123,1.24123,1.24123,1.24123,0
17.02.2018 22:00:00.000,1.24123,1.24123,1.24123,1.24123,0
18.02.2018 22:00:00.000,1.24035,1.24352,1.23693,1.24082,194345.0212
19.02.2018 22:00:00.000,1.24085,1.24128,1.23201,1.23377,262838.9899
20.02.2018 22:00:00.000,1.23378,1.23602,1.22813,1.22836,296851.02170000004
21.02.2018 22:00:00.000,1.22833,1.23523,1.22598,1.23309,406715.2336
22.02.2018 22:00:00.000,1.23312,1.23377,1.22800,1.22975,234965.4804
23.02.2018 22:00:00.000,1.22975,1.22975,1.22975,1.22975,0
24.02.2018 22:00:00.000,1.22975,1.22975,1.22975,1.22975,0
25.02.2018 22:00:00.000,1.22953,1.23552,1.22777,1.23177,239812.4908
26.02.2018 22:00:00.000,1.23180,1.23466,1.22217,1.22333,262639.37820000004
27.02.2018 22:00:00.000,1.22335,1.22413,1.21881,1.21944,345234.1810999999
28.02.2018 22:00:00.000,1.21942,1.22731,1.21548,1.22672,275839.38889999996
01.03.2018 22:00:00.000,1.22672,1.23361,1.22517,1.23203,269301.51680000004
02.03.2018 22:00:00.000,1.23203,1.23203,1.23203,1.23203,0
03.03.2018 22:00:00.000,1.23203,1.23203,1.23203,1.23203,0
04.03.2018 22:00:00.000,1.23296,1.23652,1.22691,1.23361,260564.04979999998
05.03.2018 22:00:00.000,1.23363,1.24202,1.23283,1.24044,246050.30810000005
06.03.2018 22:00:00.000,1.24042,1.24457,1.23850,1.24117,270716.46099999995
07.03.2018 22:00:00.000,1.24116,1.24463,1.22983,1.23126,286208.8683
08.03.2018 22:00:00.000,1.23133,1.23345,1.22733,1.23061,375767.0234
09.03.2018 22:00:00.000,1.23061,1.23061,1.23061,1.23061,0
10.03.2018 22:00:00.000,1.23061,1.23061,1.23061,1.23061,0
11.03.2018 21:00:00.000,1.23176,1.23457,1.22905,1.23347,219733.71070000003
12.03.2018 21:00:00.000,1.23346,1.24076,1.23148,1.23898,280819.49129999994
13.03.2018 21:00:00.000,1.23901,1.24128,1.23474,1.23679,231574.1409
14.03.2018 21:00:00.000,1.23678,1.23838,1.23004,1.23048,223460.3099
15.03.2018 21:00:00.000,1.23050,1.23363,1.22603,1.22904,221319.75939999995
16.03.2018 21:00:00.000,1.22904,1.22904,1.22904,1.22904,0
17.03.2018 21:00:00.000,1.22904,1.22904,1.22904,1.22904,0
18.03.2018 21:00:00.000,1.22857,1.23588,1.22582,1.23357,227892.9493
19.03.2018 21:00:00.000,1.23359,1.23547,1.22401,1.22417,240016.8302
20.03.2018 21:00:00.000,1.22417,1.23502,1.22414,1.23382,266078.82180000003
21.03.2018 21:00:00.000,1.23382,1.23885,1.22857,1.23024,284622.09060000005
22.03.2018 21:00:00.000,1.23023,1.23737,1.23016,1.23548,275179.8004
23.03.2018 21:00:00.000,1.23548,1.23548,1.23548,1.23548,0
24.03.2018 21:00:00.000,1.23548,1.23548,1.23548,1.23548,0
25.03.2018 21:00:00.000,1.23551,1.24619,1.23520,1.24443,263630.2199
26.03.2018 21:00:00.000,1.24442,1.24766,1.23725,1.24031,257659.6697
27.03.2018 21:00:00.000,1.24032,1.24219,1.23003,1.23095,270297.6519
28.03.2018 21:00:00.000,1.23095,1.23354,1.22841,1.23009,290842.63229999994
29.03.2018 21:00:00.000,1.23009,1.23313,1.22913,1.23261,90762.80960000001
30.03.2018 21:00:00.000,1.23261,1.23261,1.23261,1.23261,0
31.03.2018 21:00:00.000,1.23261,1.23261,1.23261,1.23261,0
01.04.2018 21:00:00.000,1.23267,1.23452,1.22823,1.23027,170488.2607
02.04.2018 21:00:00.000,1.23029,1.23353,1.22540,1.22713,232476.11229999998
03.04.2018 21:00:00.000,1.22715,1.23148,1.22572,1.22780,234281.60880000005
04.04.2018 21:00:00.000,1.22780,1.22902,1.22185,1.22407,225130.01020000005
05.04.2018 21:00:00.000,1.22412,1.22909,1.22154,1.22834,288258.84859999997
06.04.2018 21:00:00.000,1.22834,1.22834,1.22834,1.22834,0
07.04.2018 21:00:00.000,1.22834,1.22834,1.22834,1.22834,0
08.04.2018 21:00:00.000,1.22896,1.23310,1.22605,1.23211,245496.0613
09.04.2018 21:00:00.000,1.23213,1.23778,1.23030,1.23561,263884.8301
10.04.2018 21:00:00.000,1.23561,1.23972,1.23473,1.23674,252677.27
11.04.2018 21:00:00.000,1.23681,1.23799,1.22995,1.23270,251622.45050000004
12.04.2018 21:00:00.000,1.23271,1.23460,1.23072,1.23324,214856.51080000005
13.04.2018 21:00:00.000,1.23324,1.23324,1.23324,1.23324,0
14.04.2018 21:00:00.000,1.23324,1.23324,1.23324,1.23324,0
15.04.2018 21:00:00.000,1.23360,1.23948,1.23244,1.23801,211773.2535
16.04.2018 21:00:00.000,1.23808,1.24138,1.23365,1.23698,218996.99920000002
17.04.2018 21:00:00.000,1.23701,1.23974,1.23420,1.23740,235118.9296
18.04.2018 21:00:00.000,1.23739,1.24002,1.23292,1.23459,239746.2192
19.04.2018 21:00:00.000,1.23463,1.23531,1.22502,1.22903,218822.9301
20.04.2018 21:00:00.000,1.22903,1.22903,1.22903,1.22903,0
21.04.2018 21:00:00.000,1.22903,1.22903,1.22903,1.22903,0
22.04.2018 21:00:00.000,1.22772,1.22897,1.21979,1.22092,245098.43200000003
23.04.2018 21:00:00.000,1.22092,1.22450,1.21821,1.22329,232353.6299
24.04.2018 21:00:00.000,1.22328,1.22391,1.21604,1.21611,227239.64130000005
25.04.2018 21:00:00.000,1.21615,1.22103,1.20965,1.21037,258642.2727
26.04.2018 21:00:00.000,1.21042,1.21334,1.20557,1.21332,224803.67040000003
27.04.2018 21:00:00.000,1.21332,1.21332,1.21332,1.21332,0
28.04.2018 21:00:00.000,1.21332,1.21332,1.21332,1.21332,0
29.04.2018 21:00:00.000,1.21250,1.21389,1.20644,1.20781,227861.95119999998
30.04.2018 21:00:00.000,1.20783,1.20845,1.19816,1.19932,212676.44009999998
01.05.2018 21:00:00.000,1.19935,1.20320,1.19382,1.19513,274788.8581
02.05.2018 21:00:00.000,1.19514,1.20091,1.19479,1.19889,270204.2109
03.05.2018 21:00:00.000,1.19889,1.19957,1.19109,1.19640,212405.41130000004
04.05.2018 21:00:00.000,1.19640,1.19640,1.19640,1.19640,0
05.05.2018 21:00:00.000,1.19640,1.19640,1.19640,1.19640,0
06.05.2018 21:00:00.000,1.19637,1.19782,1.18979,1.19228,198198.86999999997
07.05.2018 21:00:00.000,1.19227,1.19390,1.18382,1.18652,242401.1815
08.05.2018 21:00:00.000,1.18652,1.18972,1.18228,1.18508,239223.8209
09.05.2018 21:00:00.000,1.18507,1.19467,1.18433,1.19158,271841.6026
10.05.2018 21:00:00.000,1.19163,1.19681,1.18914,1.19451,224793.84170000002
11.05.2018 21:00:00.000,1.19451,1.19451,1.19451,1.19451,0
12.05.2018 21:00:00.000,1.19451,1.19451,1.19451,1.19451,0
13.05.2018 21:00:00.000,1.19463,1.19962,1.19264,1.19278,247501.4017
14.05.2018 21:00:00.000,1.19276,1.19386,1.18205,1.18379,249379.93839999996
15.05.2018 21:00:00.000,1.18378,1.18543,1.17638,1.18076,291424.1011
16.05.2018 21:00:00.000,1.18076,1.18378,1.17766,1.17952,258987.48189999998
17.05.2018 21:00:00.000,1.17958,1.18223,1.17500,1.17747,241995.7604
18.05.2018 21:00:00.000,1.17747,1.17747,1.17747,1.17747,0
19.05.2018 21:00:00.000,1.17747,1.17747,1.17747,1.17747,0
20.05.2018 21:00:00.000,1.17766,1.17957,1.17167,1.17918,231673.0109
21.05.2018 21:00:00.000,1.17920,1.18299,1.17568,1.17793,265178.2719
22.05.2018 21:00:00.000,1.17795,1.17899,1.16760,1.16965,311203.88759999996
23.05.2018 21:00:00.000,1.16965,1.17505,1.16911,1.17198,285641.43799999997
24.05.2018 21:00:00.000,1.17199,1.17337,1.16463,1.16516,269266.1093
25.05.2018 21:00:00.000,1.16516,1.16516,1.16516,1.16516,0
26.05.2018 21:00:00.000,1.16516,1.16516,1.16516,1.16516,0
27.05.2018 21:00:00.000,1.16878,1.17287,1.16077,1.16247,224112.2204
28.05.2018 21:00:00.000,1.16247,1.16397,1.15102,1.15400,331417.55
29.05.2018 21:00:00.000,1.15401,1.16760,1.15188,1.16679,319789.3142
30.05.2018 21:00:00.000,1.16685,1.17244,1.16414,1.16941,291615.9342
31.05.2018 21:00:00.000,1.16941,1.17182,1.16172,1.16602,278455.99
01.06.2018 21:00:00.000,1.16602,1.16602,1.16602,1.16602,0
02.06.2018 21:00:00.000,1.16602,1.16602,1.16602,1.16602,0
03.06.2018 21:00:00.000,1.16644,1.17447,1.16605,1.16992,235519.88799999998
04.06.2018 21:00:00.000,1.16995,1.17324,1.16528,1.17181,259589.36180000004
05.06.2018 21:00:00.000,1.17183,1.17960,1.17141,1.17743,261235.1808
06.06.2018 21:00:00.000,1.17743,1.18401,1.17737,1.17997,254103.11909999998
07.06.2018 21:00:00.000,1.17998,1.18105,1.17274,1.17708,236339.60799999998
08.06.2018 21:00:00.000,1.17708,1.17708,1.17708,1.17708,0
09.06.2018 21:00:00.000,1.17708,1.17708,1.17708,1.17708,0
10.06.2018 21:00:00.000,1.17761,1.18207,1.17715,1.17846,204531.04030000002
11.06.2018 21:00:00.000,1.17848,1.18093,1.17338,1.17457,240667.13079999998
12.06.2018 21:00:00.000,1.17458,1.18012,1.17258,1.17916,236097.5776
13.06.2018 21:00:00.000,1.17917,1.18521,1.15636,1.15696,291614.4201
14.06.2018 21:00:00.000,1.15701,1.16272,1.15436,1.16103,263654.34219999996
15.06.2018 21:00:00.000,1.16103,1.16103,1.16103,1.16103,0
16.06.2018 21:00:00.000,1.16103,1.16103,1.16103,1.16103,0
17.06.2018 21:00:00.000,1.15906,1.16245,1.15657,1.16233,214430.11879999997
18.06.2018 21:00:00.000,1.16233,1.16448,1.15309,1.15905,284228.1307000001
19.06.2018 21:00:00.000,1.15908,1.16000,1.15371,1.15719,246265.02969999998
20.06.2018 21:00:00.000,1.15716,1.16338,1.15085,1.16043,285254.75779999996
21.06.2018 21:00:00.000,1.16050,1.16750,1.16009,1.16590,265031.5716
22.06.2018 21:00:00.000,1.16590,1.16590,1.16590,1.16590,0
23.06.2018 21:00:00.000,1.16590,1.16590,1.16590,1.16590,0
24.06.2018 21:00:00.000,1.16648,1.17133,1.16290,1.17045,259062.27020000006
25.06.2018 21:00:00.000,1.17045,1.17205,1.16351,1.16483,285189.2384
26.06.2018 21:00:00.000,1.16490,1.16722,1.15410,1.15543,294916.4582
27.06.2018 21:00:00.000,1.15542,1.16006,1.15275,1.15692,296006.3091
28.06.2018 21:00:00.000,1.15692,1.16906,1.15586,1.16858,302373.9919
29.06.2018 21:00:00.000,1.16858,1.16858,1.16858,1.16858,0
30.06.2018 21:00:00.000,1.16858,1.16858,1.16858,1.16858,0
01.07.2018 21:00:00.000,1.16804,1.16938,1.15915,1.16397,246605.38899999997
02.07.2018 21:00:00.000,1.16400,1.16732,1.16208,1.16590,257318.84880000007
03.07.2018 21:00:00.000,1.16590,1.16820,1.16308,1.16561,194188.1574
04.07.2018 21:00:00.000,1.16561,1.17203,1.16501,1.16918,263762.92889999994
05.07.2018 21:00:00.000,1.16919,1.17679,1.16803,1.17464,240265.99130000002
06.07.2018 21:00:00.000,1.17464,1.17464,1.17464,1.17464,0
07.07.2018 21:00:00.000,1.17464,1.17464,1.17464,1.17464,0
08.07.2018 21:00:00.000,1.17432,1.17908,1.17330,1.17513,242720.0386
09.07.2018 21:00:00.000,1.17514,1.17628,1.16906,1.17449,234276.9699
10.07.2018 21:00:00.000,1.17451,1.17583,1.16657,1.16733,282851.5219
11.07.2018 21:00:00.000,1.16733,1.16957,1.16500,1.16717,243054.11080000008
12.07.2018 21:00:00.000,1.16716,1.16885,1.16133,1.16885,244719.09869999994
13.07.2018 21:00:00.000,1.16885,1.16885,1.16885,1.16885,0
14.07.2018 21:00:00.000,1.16885,1.16885,1.16885,1.16885,0
15.07.2018 21:00:00.000,1.16912,1.17256,1.16759,1.17116,235516.9498
16.07.2018 21:00:00.000,1.17116,1.17449,1.16498,1.16616,265188.6812
17.07.2018 21:00:00.000,1.16619,1.16651,1.16022,1.16388,261270.38999999998
18.07.2018 21:00:00.000,1.16391,1.16789,1.15751,1.16424,313106.4795
19.07.2018 21:00:00.000,1.16429,1.17392,1.16266,1.17205,317244.61850000004
20.07.2018 21:00:00.000,1.17205,1.17205,1.17205,1.17205,0
21.07.2018 21:00:00.000,1.17205,1.17205,1.17205,1.17205,0
22.07.2018 21:00:00.000,1.17285,1.17499,1.16839,1.16925,245044.74930000002
23.07.2018 21:00:00.000,1.16929,1.17171,1.16549,1.16871,253788.96800000002
24.07.2018 21:00:00.000,1.16871,1.17390,1.16642,1.17288,261081.04050000003
25.07.2018 21:00:00.000,1.17288,1.17439,1.16405,1.16434,262213.71220000007
26.07.2018 21:00:00.000,1.16435,1.16646,1.16208,1.16585,233027.7087
27.07.2018 21:00:00.000,1.16585,1.16585,1.16585,1.16585,0
28.07.2018 21:00:00.000,1.16585,1.16585,1.16585,1.16585,0
29.07.2018 21:00:00.000,1.16604,1.17190,1.16482,1.17068,192596.7218
30.07.2018 21:00:00.000,1.17068,1.17461,1.16841,1.16924,228364.99749999997
31.07.2018 21:00:00.000,1.16918,1.16998,1.16575,1.16600,262559.9325
01.08.2018 21:00:00.000,1.16603,1.16678,1.15820,1.15843,238651.60139999996
02.08.2018 21:00:00.000,1.15844,1.16107,1.15605,1.15691,242275.5705
03.08.2018 21:00:00.000,1.15691,1.15691,1.15691,1.15691,0
04.08.2018 21:00:00.000,1.15691,1.15691,1.15691,1.15691,0
05.08.2018 21:00:00.000,1.15731,1.15732,1.15302,1.15540,212517.8406
06.08.2018 21:00:00.000,1.15540,1.16084,1.15517,1.15991,211418.32929999998
07.08.2018 21:00:00.000,1.15990,1.16285,1.15734,1.16106,202617.9678
08.08.2018 21:00:00.000,1.16107,1.16194,1.15260,1.15273,232580.82009999995
09.08.2018 21:00:00.000,1.15273,1.15366,1.13883,1.14130,306287.979
10.08.2018 21:00:00.000,1.14130,1.14130,1.14130,1.14130,0
11.08.2018 21:00:00.000,1.14130,1.14130,1.14130,1.14130,0
12.08.2018 21:00:00.000,1.13731,1.14330,1.13652,1.14104,277434.3517
13.08.2018 21:00:00.000,1.14107,1.14296,1.13304,1.13445,264676.32009999995
14.08.2018 21:00:00.000,1.13447,1.13551,1.13012,1.13456,251416.3619
15.08.2018 21:00:00.000,1.13458,1.14093,1.13361,1.13777,250812.83149999997
16.08.2018 21:00:00.000,1.13777,1.14450,1.13667,1.14396,225741.58959999998
17.08.2018 21:00:00.000,1.14396,1.14396,1.14396,1.14396,0
18.08.2018 21:00:00.000,1.14396,1.14396,1.14396,1.14396,0
19.08.2018 21:00:00.000,1.14419,1.14851,1.13947,1.14830,211457.74939999994
20.08.2018 21:00:00.000,1.14830,1.16015,1.14820,1.15708,260839.0398
21.08.2018 21:00:00.000,1.15707,1.16231,1.15534,1.15972,231671.16180000003
22.08.2018 21:00:00.000,1.15972,1.15999,1.15301,1.15425,231939.4007
23.08.2018 21:00:00.000,1.15412,1.16400,1.15352,1.16223,237648.6683
24.08.2018 21:00:00.000,1.16223,1.16223,1.16223,1.16223,0
25.08.2018 21:00:00.000,1.16223,1.16223,1.16223,1.16223,0
26.08.2018 21:00:00.000,1.16189,1.16938,1.15948,1.16782,200515.87919999997
27.08.2018 21:00:00.000,1.16782,1.17337,1.16628,1.16957,231496.73110000003
28.08.2018 21:00:00.000,1.16957,1.17102,1.16523,1.17085,237137.2095
29.08.2018 21:00:00.000,1.17085,1.17185,1.16419,1.16713,236570.78039999996
30.08.2018 21:00:00.000,1.16716,1.16904,1.15848,1.16054,248778.16110000003
31.08.2018 21:00:00.000,1.16054,1.16054,1.16054,1.16054,0
01.09.2018 21:00:00.000,1.16054,1.16054,1.16054,1.16054,0
02.09.2018 21:00:00.000,1.15989,1.16280,1.15892,1.16218,168922.2777
03.09.2018 21:00:00.000,1.16225,1.16233,1.15304,1.15828,216405.3199
04.09.2018 21:00:00.000,1.15828,1.16401,1.15430,1.16303,258139.3908
05.09.2018 21:00:00.000,1.16303,1.16595,1.16057,1.16242,235278.81100000002
06.09.2018 21:00:00.000,1.16243,1.16496,1.15509,1.15545,245168.48870000002
07.09.2018 21:00:00.000,1.15545,1.15545,1.15545,1.15545,0
08.09.2018 21:00:00.000,1.15545,1.15545,1.15545,1.15545,0
09.09.2018 21:00:00.000,1.15506,1.16165,1.15262,1.15952,194309.05829999995
10.09.2018 21:00:00.000,1.15952,1.16443,1.15657,1.16081,210581.1502
11.09.2018 21:00:00.000,1.16082,1.16499,1.15704,1.16273,226184.26949999997
12.09.2018 21:00:00.000,1.16272,1.17012,1.16093,1.16905,224574.7095
13.09.2018 21:00:00.000,1.16905,1.17218,1.16209,1.16246,213253.87189999997
14.09.2018 21:00:00.000,1.16246,1.16246,1.16246,1.16246,0
15.09.2018 21:00:00.000,1.16246,1.16246,1.16246,1.16246,0
16.09.2018 21:00:00.000,1.16271,1.16983,1.16182,1.16842,183857.2617
17.09.2018 21:00:00.000,1.16845,1.17245,1.16524,1.16681,232367.20080000002
18.09.2018 21:00:00.000,1.16679,1.17151,1.16503,1.16731,222471.92890000003
19.09.2018 21:00:00.000,1.16736,1.17847,1.16693,1.17769,255966.5716
20.09.2018 21:00:00.000,1.17770,1.18030,1.17329,1.17523,214277.5888
21.09.2018 21:00:00.000,1.17523,1.17523,1.17523,1.17523,0
22.09.2018 21:00:00.000,1.17523,1.17523,1.17523,1.17523,0
23.09.2018 21:00:00.000,1.17504,1.18154,1.17244,1.17485,203129.5586
24.09.2018 21:00:00.000,1.17489,1.17928,1.17312,1.17678,210554.177
25.09.2018 21:00:00.000,1.17678,1.17981,1.17260,1.17422,220808.67099999997
26.09.2018 21:00:00.000,1.17427,1.17573,1.16392,1.16409,327984.3376000001
27.09.2018 21:00:00.000,1.16410,1.16514,1.15699,1.16053,242812.75989999998
28.09.2018 21:00:00.000,1.16053,1.16053,1.16053,1.16053,0
29.09.2018 21:00:00.000,1.16053,1.16053,1.16053,1.16053,0
30.09.2018 21:00:00.000,1.16207,1.16249,1.15638,1.15791,210032.15949999998
01.10.2018 21:00:00.000,1.15791,1.15808,1.15054,1.15469,244663.29049999997
02.10.2018 21:00:00.000,1.15468,1.15940,1.14647,1.14790,251944.09069999994
03.10.2018 21:00:00.000,1.14790,1.15428,1.14635,1.15151,237827.45950000006
04.10.2018 21:00:00.000,1.15153,1.15500,1.14842,1.15243,237393.15279999995
05.10.2018 21:00:00.000,1.15243,1.15243,1.15243,1.15243,0
06.10.2018 21:00:00.000,1.15243,1.15243,1.15243,1.15243,0
07.10.2018 21:00:00.000,1.15248,1.15299,1.14602,1.14924,185295.38989999998
08.10.2018 21:00:00.000,1.14926,1.15035,1.14324,1.14918,263256.80899999995
09.10.2018 21:00:00.000,1.14917,1.15454,1.14801,1.15201,239255.22080000004
10.10.2018 21:00:00.000,1.15200,1.15996,1.15200,1.15939,302138.7219
11.10.2018 21:00:00.000,1.15939,1.16107,1.15345,1.15626,236782.9515
12.10.2018 21:00:00.000,1.15626,1.15626,1.15626,1.15626,0
13.10.2018 21:00:00.000,1.15626,1.15626,1.15626,1.15626,0
14.10.2018 21:00:00.000,1.15448,1.16063,1.15433,1.15802,242467.34940000004
15.10.2018 21:00:00.000,1.15801,1.16215,1.15662,1.15755,215978.4299
16.10.2018 21:00:00.000,1.15757,1.15810,1.14962,1.15017,258261.41300000003
17.10.2018 21:00:00.000,1.15015,1.15275,1.14494,1.14536,255129.5084
18.10.2018 21:00:00.000,1.14538,1.15349,1.14332,1.15156,255184.36070000002
19.10.2018 21:00:00.000,1.15156,1.15156,1.15156,1.15156,0
20.10.2018 21:00:00.000,1.15156,1.15156,1.15156,1.15156,0
21.10.2018 21:00:00.000,1.15177,1.15502,1.14560,1.14658,225642.27879999997
22.10.2018 21:00:00.000,1.14659,1.14936,1.14395,1.14720,256576.45049999998
23.10.2018 21:00:00.000,1.14720,1.14767,1.13792,1.13928,261590.3167
24.10.2018 21:00:00.000,1.13926,1.14329,1.13563,1.13758,251132.48100000003
25.10.2018 21:00:00.000,1.13758,1.14212,1.13359,1.14044,279034.54130000004
26.10.2018 21:00:00.000,1.14044,1.14044,1.14044,1.14044,0
27.10.2018 21:00:00.000,1.14044,1.14044,1.14044,1.14044,0
28.10.2018 21:00:00.000,1.13944,1.14168,1.13609,1.13730,256181.41010000004
29.10.2018 21:00:00.000,1.13731,1.13880,1.13406,1.13455,228317.84989999994
30.10.2018 21:00:00.000,1.13454,1.13602,1.13024,1.13129,249009.95870000002
31.10.2018 21:00:00.000,1.13128,1.14244,1.13083,1.14092,245873.25969999997
01.11.2018 21:00:00.000,1.14093,1.14561,1.13725,1.13881,243530.07880000002
02.11.2018 21:00:00.000,1.13881,1.13881,1.13881,1.13881,0
03.11.2018 21:00:00.000,1.13881,1.13881,1.13881,1.13881,0
04.11.2018 22:00:00.000,1.13886,1.14241,1.13534,1.14083,224138.37010000006
05.11.2018 22:00:00.000,1.14080,1.14380,1.13917,1.14277,220529.0385
06.11.2018 22:00:00.000,1.14277,1.14998,1.13950,1.14265,300178.01320000004
07.11.2018 22:00:00.000,1.14265,1.14467,1.13519,1.13638,256730.24899999998
08.11.2018 22:00:00.000,1.13640,1.13692,1.13164,1.13374,241446.8895
09.11.2018 22:00:00.000,1.13374,1.13374,1.13374,1.13374,0
10.11.2018 22:00:00.000,1.13374,1.13374,1.13374,1.13374,0
11.11.2018 22:00:00.000,1.13255,1.13315,1.12158,1.12188,239235.6867
12.11.2018 22:00:00.000,1.12187,1.12937,1.12173,1.12927,289962.5808
13.11.2018 22:00:00.000,1.12927,1.13479,1.12634,1.13098,298894.19859999995
14.11.2018 22:00:00.000,1.13126,1.13626,1.12709,1.13288,301425.99890000006
15.11.2018 22:00:00.000,1.13287,1.14208,1.13220,1.14198,258719.9891
16.11.2018 22:00:00.000,1.14198,1.14198,1.14198,1.14198,0
17.11.2018 22:00:00.000,1.14198,1.14198,1.14198,1.14198,0
18.11.2018 22:00:00.000,1.14151,1.14646,1.13942,1.14537,218782.53759999995
19.11.2018 22:00:00.000,1.14558,1.14725,1.13589,1.13718,243752.7108
20.11.2018 22:00:00.000,1.13711,1.14249,1.13658,1.13851,231199.6585
21.11.2018 22:00:00.000,1.13861,1.14342,1.13828,1.14065,178155.05880000003
22.11.2018 22:00:00.000,1.14066,1.14213,1.13280,1.13420,315585.8396
23.11.2018 22:00:00.000,1.13420,1.13420,1.13420,1.13420,0
24.11.2018 22:00:00.000,1.13420,1.13420,1.13420,1.13420,0
25.11.2018 22:00:00.000,1.13420,1.13839,1.13251,1.13284,226734.36959999998
26.11.2018 22:00:00.000,1.13281,1.13440,1.12776,1.12917,271789.29060000007
27.11.2018 22:00:00.000,1.12920,1.13878,1.12674,1.13668,260721.67880000002
28.11.2018 22:00:00.000,1.13668,1.14019,1.13490,1.13942,269573.3002
29.11.2018 22:00:00.000,1.13950,1.14006,1.13057,1.13229,268653.81110000005
30.11.2018 22:00:00.000,1.13229,1.13229,1.13229,1.13229,0
01.12.2018 22:00:00.000,1.13229,1.13229,1.13229,1.13229,0
02.12.2018 22:00:00.000,1.13541,1.13799,1.13196,1.13559,237542.58950000003
03.12.2018 22:00:00.000,1.13561,1.14189,1.13189,1.13443,285401.5734
04.12.2018 22:00:00.000,1.13445,1.13614,1.13113,1.13447,195925.95920000004
05.12.2018 22:00:00.000,1.13451,1.14127,1.13212,1.13788,285756.2181
06.12.2018 22:00:00.000,1.13797,1.14238,1.13606,1.13826,251044.13160000005
07.12.2018 22:00:00.000,1.13826,1.13826,1.13826,1.13826,0
08.12.2018 22:00:00.000,1.13826,1.13826,1.13826,1.13826,0
09.12.2018 22:00:00.000,1.13938,1.14430,1.13507,1.13584,287247.6985
10.12.2018 22:00:00.000,1.13584,1.14003,1.13065,1.13176,262217.44920000003
11.12.2018 22:00:00.000,1.13178,1.13875,1.13154,1.13689,251814.90009999997
12.12.2018 22:00:00.000,1.13688,1.13935,1.13313,1.13622,238323.4021
13.12.2018 22:00:00.000,1.13622,1.13653,1.12701,1.13073,233051.67169999998
14.12.2018 22:00:00.000,1.13073,1.13073,1.13073,1.13073,0
15.12.2018 22:00:00.000,1.13073,1.13073,1.13073,1.13073,0
16.12.2018 22:00:00.000,1.13048,1.13579,1.13014,1.13479,224890.6799
17.12.2018 22:00:00.000,1.13479,1.14025,1.13369,1.13619,244156.59009999997
18.12.2018 22:00:00.000,1.13619,1.14395,1.13609,1.13788,393670.48000000004
19.12.2018 22:00:00.000,1.13784,1.14861,1.13709,1.14468,507576.27869999997
20.12.2018 22:00:00.000,1.14468,1.14743,1.13563,1.13718,463209.2897999999
21.12.2018 22:00:00.000,1.13718,1.13718,1.13718,1.13718,0
22.12.2018 22:00:00.000,1.13718,1.13718,1.13718,1.13718,0
23.12.2018 22:00:00.000,1.13738,1.14389,1.13626,1.14131,361441.1313
24.12.2018 22:00:00.000,1.14150,1.14213,1.13994,1.14042,8123.76
25.12.2018 22:00:00.000,1.13972,1.14205,1.13432,1.13541,252843.08010000002
26.12.2018 22:00:00.000,1.13542,1.14544,1.13534,1.14311,553733.5432
27.12.2018 22:00:00.000,1.14313,1.14730,1.14277,1.14450,441060.84020000004
28.12.2018 22:00:00.000,1.14450,1.14450,1.14450,1.14450,0
29.12.2018 22:00:00.000,1.14450,1.14450,1.14450,1.14450,0
30.12.2018 22:00:00.000,1.14398,1.14690,1.14217,1.14688,312192.87799999997
31.12.2018 22:00:00.000,1.14696,1.14711,1.14696,1.14711,5.25
01.01.2019 22:00:00.000,1.14682,1.14971,1.13253,1.13456,447727.81830000004
02.01.2019 22:00:00.000,1.13456,1.14113,1.13098,1.13944,483691.0225999999
03.01.2019 22:00:00.000,1.13946,1.14192,1.13459,1.13975,419587.68740000005
04.01.2019 22:00:00.000,1.13975,1.13975,1.13975,1.13975,0
05.01.2019 22:00:00.000,1.13975,1.13975,1.13975,1.13975,0
06.01.2019 22:00:00.000,1.13997,1.14828,1.13981,1.14749,369487.3196000001
07.01.2019 22:00:00.000,1.14747,1.14849,1.14224,1.14422,369776.16020000004
08.01.2019 22:00:00.000,1.14423,1.15582,1.14380,1.15430,434585.6795
09.01.2019 22:00:00.000,1.15430,1.15701,1.14847,1.15008,431365.89999999997
10.01.2019 22:00:00.000,1.15009,1.15405,1.14582,1.14729,371523.21819999994
11.01.2019 22:00:00.000,1.14729,1.14729,1.14729,1.14729,0
12.01.2019 22:00:00.000,1.14729,1.14729,1.14729,1.14729,0
13.01.2019 22:00:00.000,1.14609,1.14821,1.14509,1.14693,343019.7493
14.01.2019 22:00:00.000,1.14694,1.14899,1.13821,1.14141,413353.1028
15.01.2019 22:00:00.000,1.14140,1.14251,1.13779,1.13926,375031.68759999995
16.01.2019 22:00:00.000,1.13925,1.14062,1.13703,1.13893,384052.42769999994
17.01.2019 22:00:00.000,1.13897,1.14104,1.13535,1.13643,392655.82170000003
18.01.2019 22:00:00.000,1.13643,1.13643,1.13643,1.13643,0
19.01.2019 22:00:00.000,1.13643,1.13643,1.13643,1.13643,0
20.01.2019 22:00:00.000,1.13630,1.13915,1.13570,1.13661,234908.30010000002
21.01.2019 22:00:00.000,1.13660,1.13741,1.13363,1.13606,359321.3458
22.01.2019 22:00:00.000,1.13605,1.13947,1.13508,1.13812,380314.52750000014
23.01.2019 22:00:00.000,1.13812,1.13917,1.12897,1.13064,431582.50279999996
24.01.2019 22:00:00.000,1.13064,1.14177,1.13011,1.14089,433550.5598
25.01.2019 22:00:00.000,1.14089,1.14089,1.14089,1.14089,0
26.01.2019 22:00:00.000,1.14089,1.14089,1.14089,1.14089,0
27.01.2019 22:00:00.000,1.14041,1.14439,1.13904,1.14292,352093.56999999995
28.01.2019 22:00:00.000,1.14302,1.14504,1.14113,1.14347,419856.1494
29.01.2019 22:00:00.000,1.14347,1.15019,1.14063,1.14797,429315.73850000004
30.01.2019 22:00:00.000,1.14796,1.15144,1.14360,1.14478,506550.05960000004
31.01.2019 22:00:00.000,1.14478,1.14887,1.14346,1.14578,400250.4178
01.02.2019 22:00:00.000,1.14578,1.14578,1.14578,1.14578,0
02.02.2019 22:00:00.000,1.14578,1.14578,1.14578,1.14578,0
03.02.2019 22:00:00.000,1.14537,1.14605,1.14246,1.14392,358728.5126
04.02.2019 22:00:00.000,1.14394,1.14415,1.14014,1.14061,343015.129
05.02.2019 22:00:00.000,1.14062,1.14098,1.13611,1.13627,354997.25909999997
06.02.2019 22:00:00.000,1.13627,1.13706,1.13248,1.13393,385030.1309000001
07.02.2019 22:00:00.000,1.13443,1.13510,1.13212,1.13231,339220.7495
08.02.2019 22:00:00.000,1.13231,1.13231,1.13231,1.13231,0
09.02.2019 22:00:00.000,1.13231,1.13231,1.13231,1.13231,0
10.02.2019 22:00:00.000,1.13217,1.13302,1.12675,1.12763,383975.4679
11.02.2019 22:00:00.000,1.12763,1.13398,1.12579,1.13259,409607.3744
12.02.2019 22:00:00.000,1.13260,1.13417,1.12606,1.12611,390760.26050000003
13.02.2019 22:00:00.000,1.12611,1.13101,1.12496,1.12956,645847.4057999998
14.02.2019 22:00:00.000,1.12956,1.13064,1.12343,1.12935,430675.92179999995
15.02.2019 22:00:00.000,1.12935,1.12935,1.12935,1.12935,0
16.02.2019 22:00:00.000,1.12935,1.12935,1.12935,1.12935,0
17.02.2019 22:00:00.000,1.12951,1.13341,1.12896,1.13128,271113.8406
18.02.2019 22:00:00.000,1.13128,1.13576,1.12757,1.13405,403732.90359999996
19.02.2019 22:00:00.000,1.13413,1.13714,1.13251,1.13383,396435.4502000001
20.02.2019 22:00:00.000,1.13376,1.13666,1.13204,1.13384,453710.78969999996
21.02.2019 22:00:00.000,1.13398,1.13558,1.13163,1.13377,393553.9739
22.02.2019 22:00:00.000,1.13377,1.13377,1.13377,1.13377,0
23.02.2019 22:00:00.000,1.13377,1.13377,1.13377,1.13377,0
24.02.2019 22:00:00.000,1.13383,1.13677,1.13294,1.13581,370943.1633000001
25.02.2019 22:00:00.000,1.13581,1.14029,1.13454,1.13896,408694.6141
26.02.2019 22:00:00.000,1.13896,1.14037,1.13626,1.13696,415658.60970000003
27.02.2019 22:00:00.000,1.13696,1.14198,1.13596,1.13712,445649.6639000001
28.02.2019 22:00:00.000,1.13712,1.14089,1.13534,1.13668,425403.11860000005
01.03.2019 22:00:00.000,1.13668,1.13668,1.13668,1.13668,0
02.03.2019 22:00:00.000,1.13668,1.13668,1.13668,1.13668,0
03.03.2019 22:00:00.000,1.13843,1.13853,1.13092,1.13404,414723.65049999993
04.03.2019 22:00:00.000,1.13404,1.13421,1.12898,1.13079,406417.55210000003
05.03.2019 22:00:00.000,1.13079,1.13247,1.12857,1.13078,331041.43039999995
06.03.2019 22:00:00.000,1.13086,1.13205,1.11765,1.11946,388062.4213
07.03.2019 22:00:00.000,1.11947,1.12463,1.11854,1.12344,403491.1352000001
08.03.2019 22:00:00.000,1.12344,1.12344,1.12344,1.12344,0
09.03.2019 22:00:00.000,1.12344,1.12344,1.12344,1.12344,0
10.03.2019 21:00:00.000,1.12365,1.12585,1.12219,1.12458,310974.33530000004
11.03.2019 21:00:00.000,1.12462,1.13051,1.12453,1.12892,330412.01079999993
12.03.2019 21:00:00.000,1.12893,1.13388,1.12776,1.13283,301175.2332000001
13.03.2019 21:00:00.000,1.13284,1.13377,1.12942,1.13047,326211.1009000001
14.03.2019 21:00:00.000,1.13047,1.13446,1.13003,1.13265,276566.5788000001
15.03.2019 21:00:00.000,1.13265,1.13265,1.13265,1.13265,0
16.03.2019 21:00:00.000,1.13265,1.13265,1.13265,1.13265,0
17.03.2019 21:00:00.000,1.13248,1.13592,1.13193,1.13391,256151.6992
18.03.2019 21:00:00.000,1.13390,1.13618,1.13339,1.13525,268272.31930000003
19.03.2019 21:00:00.000,1.13525,1.14483,1.13357,1.14138,365168.67049999995
20.03.2019 21:00:00.000,1.14138,1.14377,1.13428,1.13756,371814.54020000005
21.03.2019 21:00:00.000,1.13758,1.13910,1.12734,1.13022,410925.2366
22.03.2019 21:00:00.000,1.13022,1.13022,1.13022,1.13022,0
23.03.2019 21:00:00.000,1.13022,1.13022,1.13022,1.13022,0
24.03.2019 21:00:00.000,1.12956,1.13315,1.12891,1.13140,342792.2318
25.03.2019 21:00:00.000,1.13142,1.13261,1.12635,1.12662,348289.3005
26.03.2019 21:00:00.000,1.12664,1.12858,1.12423,1.12440,420013.94
27.03.2019 21:00:00.000,1.12439,1.12615,1.12139,1.12237,441545.31100000005
28.03.2019 21:00:00.000,1.12243,1.12469,1.12100,1.12186,439295.93240000005
29.03.2019 21:00:00.000,1.12186,1.12186,1.12186,1.12186,0
30.03.2019 21:00:00.000,1.12186,1.12186,1.12186,1.12186,0
31.03.2019 21:00:00.000,1.12331,1.12501,1.12041,1.12131,417541.72289999994
01.04.2019 21:00:00.000,1.12131,1.12164,1.11840,1.12048,460775.628
02.04.2019 21:00:00.000,1.12049,1.12549,1.12010,1.12333,460123.4258000001
03.04.2019 21:00:00.000,1.12333,1.12479,1.12063,1.12216,383418.6739
04.04.2019 21:00:00.000,1.12216,1.12486,1.12102,1.12175,350545.88119999995
05.04.2019 21:00:00.000,1.12175,1.12175,1.12175,1.12175,0
06.04.2019 21:00:00.000,1.12175,1.12175,1.12175,1.12175,0
07.04.2019 21:00:00.000,1.12214,1.12748,1.12150,1.12637,374562.1089
08.04.2019 21:00:00.000,1.12637,1.12845,1.12553,1.12639,392711.28329999995
09.04.2019 21:00:00.000,1.12639,1.12899,1.12297,1.12738,428606.66779999994
10.04.2019 21:00:00.000,1.12742,1.12876,1.12501,1.12553,385610.2488
11.04.2019 21:00:00.000,1.12556,1.13241,1.12541,1.13006,408227.7274000001
12.04.2019 21:00:00.000,1.13006,1.13006,1.13006,1.13006,0
13.04.2019 21:00:00.000,1.13006,1.13006,1.13006,1.13006,0
14.04.2019 21:00:00.000,1.13069,1.13212,1.12978,1.13042,375099.9474
15.04.2019 21:00:00.000,1.13046,1.13142,1.12798,1.12814,469095.31270000007
16.04.2019 21:00:00.000,1.12816,1.13239,1.12792,1.12969,388008.91240000003
17.04.2019 21:00:00.000,1.12969,1.13042,1.12264,1.12346,417409.63209999993
18.04.2019 21:00:00.000,1.12346,1.12490,1.12295,1.12490,109238.42859999998
19.04.2019 21:00:00.000,1.12490,1.12490,1.12490,1.12490,0
20.04.2019 21:00:00.000,1.12490,1.12490,1.12490,1.12490,0
21.04.2019 21:00:00.000,1.12496,1.12622,1.12359,1.12578,186494.27189999996
22.04.2019 21:00:00.000,1.12577,1.12614,1.11925,1.12280,366096.0704
23.04.2019 21:00:00.000,1.12280,1.12282,1.11407,1.11548,396126.58310000005
24.04.2019 21:00:00.000,1.11561,1.11626,1.11180,1.11337,348652.29879999993
25.04.2019 21:00:00.000,1.11336,1.11742,1.11116,1.11513,353954.089
26.04.2019 21:00:00.000,1.11513,1.11513,1.11513,1.11513,0
27.04.2019 21:00:00.000,1.11513,1.11513,1.11513,1.11513,0
28.04.2019 21:00:00.000,1.11497,1.11872,1.11453,1.11869,284307.16099999996
29.04.2019 21:00:00.000,1.11870,1.12291,1.11759,1.12157,329165.821
30.04.2019 21:00:00.000,1.12157,1.12650,1.11873,1.11964,243710.50369999997
01.05.2019 21:00:00.000,1.11964,1.12193,1.11709,1.11728,311572.149
02.05.2019 21:00:00.000,1.11726,1.12052,1.11352,1.12042,345111.0536
03.05.2019 21:00:00.000,1.12042,1.12042,1.12042,1.12042,0
04.05.2019 21:00:00.000,1.12042,1.12042,1.12042,1.12042,0
05.05.2019 21:00:00.000,1.11816,1.12095,1.11733,1.11999,317702.29020000005
06.05.2019 21:00:00.000,1.12003,1.12180,1.11668,1.11921,347443.4203
07.05.2019 21:00:00.000,1.11922,1.12140,1.11830,1.11921,365238.7587
08.05.2019 21:00:00.000,1.11922,1.12512,1.11737,1.12163,408278.02910000004
09.05.2019 21:00:00.000,1.12169,1.12539,1.12146,1.12358,384851.5619999999
10.05.2019 21:00:00.000,1.12358,1.12358,1.12358,1.12358,0
11.05.2019 21:00:00.000,1.12358,1.12358,1.12358,1.12358,0
12.05.2019 21:00:00.000,1.12380,1.12637,1.12220,1.12221,327978.2902000001
13.05.2019 21:00:00.000,1.12221,1.12441,1.12015,1.12045,319544.8383
14.05.2019 21:00:00.000,1.12046,1.12248,1.11781,1.12015,324483.1955
15.05.2019 21:00:00.000,1.12015,1.12242,1.11664,1.11753,337091.64230000007
16.05.2019 21:00:00.000,1.11753,1.11843,1.11554,1.11582,353241.9716
17.05.2019 21:00:00.000,1.11582,1.11582,1.11582,1.11582,0
18.05.2019 21:00:00.000,1.11582,1.11582,1.11582,1.11582,0
19.05.2019 21:00:00.000,1.11610,1.11750,1.11509,1.11669,304229.938
20.05.2019 21:00:00.000,1.11672,1.11882,1.11422,1.11614,331840.97109999997
21.05.2019 21:00:00.000,1.11614,1.11803,1.11488,1.11508,297786.8805
22.05.2019 21:00:00.000,1.11508,1.11877,1.11072,1.11821,362432.66699999996
23.05.2019 21:00:00.000,1.11821,1.12123,1.11764,1.12065,317173.8889
24.05.2019 21:00:00.000,1.12065,1.12065,1.12065,1.12065,0
25.05.2019 21:00:00.000,1.12065,1.12065,1.12065,1.12065,0
26.05.2019 21:00:00.000,1.12103,1.12154,1.11871,1.11928,192299.6595
27.05.2019 21:00:00.000,1.11955,1.11986,1.11596,1.11607,305766.34669999994
28.05.2019 21:00:00.000,1.11608,1.11727,1.11245,1.11316,359906.93059999996
29.05.2019 21:00:00.000,1.11313,1.11435,1.11162,1.11297,295961.1482
30.05.2019 21:00:00.000,1.11297,1.11800,1.11253,1.11697,398897.00750000007
31.05.2019 21:00:00.000,1.11697,1.11697,1.11697,1.11697,0
01.06.2019 21:00:00.000,1.11697,1.11697,1.11697,1.11697,0
02.06.2019 21:00:00.000,1.11683,1.12621,1.11603,1.12419,431122.0903
03.06.2019 21:00:00.000,1.12420,1.12776,1.12269,1.12518,417422.645
04.06.2019 21:00:00.000,1.12520,1.13067,1.12201,1.12216,400845.52239999996
05.06.2019 21:00:00.000,1.12216,1.13092,1.12015,1.12761,374895.32829999994
06.06.2019 21:00:00.000,1.12761,1.13479,1.12515,1.13341,363079.8185
07.06.2019 21:00:00.000,1.13341,1.13341,1.13341,1.13341,0
08.06.2019 21:00:00.000,1.13341,1.13341,1.13341,1.13341,0
09.06.2019 21:00:00.000,1.13253,1.13310,1.12904,1.13124,311594.6382
10.06.2019 21:00:00.000,1.13124,1.13377,1.13015,1.13265,356821.2394
11.06.2019 21:00:00.000,1.13265,1.13437,1.12826,1.12879,360906.52880000003
12.06.2019 21:00:00.000,1.12880,1.13040,1.12687,1.12767,406183.96040000016
13.06.2019 21:00:00.000,1.12768,1.12893,1.12027,1.12126,359523.6665
14.06.2019 21:00:00.000,1.12126,1.12126,1.12126,1.12126,0
15.06.2019 21:00:00.000,1.12126,1.12126,1.12126,1.12126,0
16.06.2019 21:00:00.000,1.12122,1.12473,1.12039,1.12190,241923.95950000003
17.06.2019 21:00:00.000,1.12197,1.12430,1.11815,1.11942,356763.6579
18.06.2019 21:00:00.000,1.11944,1.12545,1.11874,1.12266,312587.38980000006
19.06.2019 21:00:00.000,1.12267,1.13175,1.12265,1.12929,407132.58799999993
20.06.2019 21:00:00.000,1.12929,1.13781,1.12833,1.13695,403797.2723
21.06.2019 21:00:00.000,1.13695,1.13695,1.13695,1.13695,0
22.06.2019 21:00:00.000,1.13695,1.13695,1.13695,1.13695,0
23.06.2019 21:00:00.000,1.13739,1.14042,1.13682,1.13985,297500.93929999997
24.06.2019 21:00:00.000,1.13987,1.14122,1.13444,1.13677,389530.44800000003
25.06.2019 21:00:00.000,1.13680,1.13915,1.13477,1.13706,343823.6817
26.06.2019 21:00:00.000,1.13705,1.13817,1.13480,1.13693,312009.33890000003
27.06.2019 21:00:00.000,1.13694,1.13934,1.13508,1.13760,283122.09069999994
28.06.2019 21:00:00.000,1.13760,1.13760,1.13760,1.13760,0
29.06.2019 21:00:00.000,1.13760,1.13760,1.13760,1.13760,0
30.06.2019 21:00:00.000,1.13598,1.13713,1.12812,1.12858,311171.30140000005
01.07.2019 21:00:00.000,1.12859,1.13216,1.12754,1.12851,262678.4703
02.07.2019 21:00:00.000,1.12851,1.13125,1.12688,1.12782,262827.3620000001
03.07.2019 21:00:00.000,1.12782,1.12954,1.12733,1.12852,135054.8993
04.07.2019 21:00:00.000,1.12851,1.12880,1.12075,1.12274,260095.50979999997
05.07.2019 21:00:00.000,1.12274,1.12274,1.12274,1.12274,0
06.07.2019 21:00:00.000,1.12274,1.12274,1.12274,1.12274,0
07.07.2019 21:00:00.000,1.12296,1.12346,1.12071,1.12146,213495.6632
08.07.2019 21:00:00.000,1.12146,1.12190,1.11935,1.12081,219184.79919999998
09.07.2019 21:00:00.000,1.12081,1.12645,1.12021,1.12516,283834.4811
10.07.2019 21:00:00.000,1.12515,1.12860,1.12454,1.12550,277872.6712
11.07.2019 21:00:00.000,1.12551,1.12751,1.12384,1.12708,258460.61159999997
12.07.2019 21:00:00.000,1.12708,1.12708,1.12708,1.12708,0
13.07.2019 21:00:00.000,1.12708,1.12708,1.12708,1.12708,0
14.07.2019 21:00:00.000,1.12733,1.12841,1.12536,1.12580,209058.8108
15.07.2019 21:00:00.000,1.12580,1.12637,1.12021,1.12111,263546.9903
16.07.2019 21:00:00.000,1.12111,1.12338,1.12000,1.12249,218559.3014
17.07.2019 21:00:00.000,1.12249,1.12806,1.12052,1.12776,303475.5898
18.07.2019 21:00:00.000,1.12776,1.12822,1.12037,1.12226,294342.8906
19.07.2019 21:00:00.000,1.12226,1.12226,1.12226,1.12226,0
20.07.2019 21:00:00.000,1.12226,1.12226,1.12226,1.12226,0
21.07.2019 21:00:00.000,1.12176,1.12254,1.12063,1.12098,226295.15259999997
22.07.2019 21:00:00.000,1.12098,1.12102,1.11460,1.11527,263815.82090000005
23.07.2019 21:00:00.000,1.11527,1.11562,1.11274,1.11405,261231.97319999998
24.07.2019 21:00:00.000,1.11404,1.11880,1.11016,1.11485,351517.99260000006
25.07.2019 21:00:00.000,1.11483,1.11512,1.11122,1.11308,262094.01169999997
26.07.2019 21:00:00.000,1.11308,1.11308,1.11308,1.11308,0
27.07.2019 21:00:00.000,1.11308,1.11308,1.11308,1.11308,0
28.07.2019 21:00:00.000,1.11265,1.11512,1.11130,1.11454,221391.849
29.07.2019 21:00:00.000,1.11444,1.11612,1.11322,1.11559,297690.07010000007
30.07.2019 21:00:00.000,1.11559,1.11623,1.10604,1.10761,344302.5084
31.07.2019 21:00:00.000,1.10760,1.10960,1.10271,1.10855,460221.85799999995
01.08.2019 21:00:00.000,1.10855,1.11166,1.10701,1.11083,469335.2291999999
02.08.2019 21:00:00.000,1.11083,1.11083,1.11083,1.11083,0
03.08.2019 21:00:00.000,1.11083,1.11083,1.11083,1.11083,0
04.08.2019 21:00:00.000,1.11084,1.12134,1.11048,1.12034,465506.4615
05.08.2019 21:00:00.000,1.12035,1.12498,1.11677,1.11998,449744.43879999995
06.08.2019 21:00:00.000,1.11990,1.12421,1.11795,1.12001,445019.5005
07.08.2019 21:00:00.000,1.12001,1.12327,1.11773,1.11810,342834.04850000003
08.08.2019 21:00:00.000,1.11808,1.12232,1.11806,1.12032,291908.5316
09.08.2019 21:00:00.000,1.12032,1.12032,1.12032,1.12032,0
10.08.2019 21:00:00.000,1.12032,1.12032,1.12032,1.12032,0
11.08.2019 21:00:00.000,1.12002,1.12308,1.11622,1.12140,324969.2478
12.08.2019 21:00:00.000,1.12140,1.12287,1.11703,1.11717,581514.0397999999
13.08.2019 21:00:00.000,1.11716,1.11910,1.11308,1.11396,350097.5414
14.08.2019 21:00:00.000,1.11398,1.11586,1.10916,1.11076,337563.53190000006
15.08.2019 21:00:00.000,1.11078,1.11154,1.10665,1.10911,260014.25910000005
16.08.2019 21:00:00.000,1.10911,1.10911,1.10911,1.10911,0
17.08.2019 21:00:00.000,1.10911,1.10911,1.10911,1.10911,0
18.08.2019 21:00:00.000,1.10946,1.11141,1.10763,1.10788,203370.0089
19.08.2019 21:00:00.000,1.10792,1.11069,1.10658,1.11007,207368.98169999997
20.08.2019 21:00:00.000,1.11010,1.11074,1.10809,1.10848,168689.50969999997
21.08.2019 21:00:00.000,1.10848,1.11133,1.10638,1.10802,199568.7482
22.08.2019 21:00:00.000,1.10799,1.11535,1.10519,1.11450,247458.8021
23.08.2019 21:00:00.000,1.11450,1.11450,1.11450,1.11450,0
24.08.2019 21:00:00.000,1.11450,1.11450,1.11450,1.11450,0
25.08.2019 21:00:00.000,1.11541,1.11646,1.10944,1.11042,286394.6986
26.08.2019 21:00:00.000,1.11048,1.11162,1.10859,1.10912,211761.4876
27.08.2019 21:00:00.000,1.10912,1.10983,1.10734,1.10778,213253.4817
28.08.2019 21:00:00.000,1.10781,1.10933,1.10422,1.10570,228571.1493
29.08.2019 21:00:00.000,1.10569,1.10606,1.09635,1.09936,175045.00100000002
30.08.2019 21:00:00.000,1.09936,1.09936,1.09936,1.09936,0
31.08.2019 21:00:00.000,1.09936,1.09936,1.09936,1.09936,0
01.09.2019 21:00:00.000,1.09897,1.09969,1.09581,1.09723,47039.4301
02.09.2019 21:00:00.000,1.09721,1.09790,1.09262,1.09757,133748.47960000002
03.09.2019 21:00:00.000,1.09765,1.10386,1.09688,1.10359,161889.7741
04.09.2019 21:00:00.000,1.10360,1.10850,1.10169,1.10350,169274.56
05.09.2019 21:00:00.000,1.10354,1.10574,1.10205,1.10324,155053.7287
06.09.2019 21:00:00.000,1.10324,1.10324,1.10324,1.10324,0
07.09.2019 21:00:00.000,1.10324,1.10324,1.10324,1.10324,0
08.09.2019 21:00:00.000,1.10279,1.10683,1.10157,1.10492,133009.4394
09.09.2019 21:00:00.000,1.10492,1.10597,1.10307,1.10437,127072.4803
10.09.2019 21:00:00.000,1.10437,1.10559,1.09855,1.10105,126006.8391
11.09.2019 21:00:00.000,1.10104,1.10873,1.09269,1.10650,193484.92790000004
12.09.2019 21:00:00.000,1.10654,1.11097,1.10557,1.10770,162928.6043
13.09.2019 21:00:00.000,1.10770,1.10770,1.10770,1.10770,0
14.09.2019 21:00:00.000,1.10770,1.10770,1.10770,1.10770,0
15.09.2019 21:00:00.000,1.10752,1.10865,1.09936,1.10033,148006.5291
16.09.2019 21:00:00.000,1.10030,1.10747,1.09904,1.10738,161467.87129999997
17.09.2019 21:00:00.000,1.10738,1.10759,1.10140,1.10301,151960.9747
18.09.2019 21:00:00.000,1.10300,1.10738,1.10231,1.10416,192861.0797
19.09.2019 21:00:00.000,1.10413,1.10678,1.09965,1.10212,189142.3871
20.09.2019 21:00:00.000,1.10212,1.10212,1.10212,1.10212,0
21.09.2019 21:00:00.000,1.10212,1.10212,1.10212,1.10212,0
22.09.2019 21:00:00.000,1.10181,1.10256,1.09664,1.09935,178252.80610000002
23.09.2019 21:00:00.000,1.09939,1.10244,1.09839,1.10203,180478.79780000003
24.09.2019 21:00:00.000,1.10203,1.10240,1.09376,1.09440,196215.90799999997
25.09.2019 21:00:00.000,1.09440,1.09675,1.09089,1.09227,190051.063
26.09.2019 21:00:00.000,1.09231,1.09590,1.09049,1.09439,172543.0575
27.09.2019 21:00:00.000,1.09439,1.09439,1.09439,1.09439,0
28.09.2019 21:00:00.000,1.09439,1.09439,1.09439,1.09439,0
29.09.2019 21:00:00.000,1.09441,1.09481,1.08850,1.09008,168184.57789999995
30.09.2019 21:00:00.000,1.09004,1.09430,1.08793,1.09331,207316.78669999997
01.10.2019 21:00:00.000,1.09349,1.09638,1.09044,1.09594,202499.52529999998
02.10.2019 21:00:00.000,1.09594,1.09994,1.09411,1.09659,217992.00709999996
03.10.2019 21:00:00.000,1.09660,1.09995,1.09572,1.09815,186839.321
04.10.2019 21:00:00.000,1.09815,1.09815,1.09815,1.09815,0
05.10.2019 21:00:00.000,1.09815,1.09815,1.09815,1.09815,0
06.10.2019 21:00:00.000,1.09849,1.10008,1.09622,1.09717,165999.17110000004
07.10.2019 21:00:00.000,1.09718,1.09959,1.09413,1.09582,207970.5692
08.10.2019 21:00:00.000,1.09583,1.09902,1.09541,1.09720,184647.7139
09.10.2019 21:00:00.000,1.09717,1.10341,1.09717,1.10057,230667.90720000002
10.10.2019 21:00:00.000,1.10059,1.10630,1.10009,1.10400,245260.83030000003
11.10.2019 21:00:00.000,1.10400,1.10400,1.10400,1.10400,0
12.10.2019 21:00:00.000,1.10400,1.10400,1.10400,1.10400,0
13.10.2019 21:00:00.000,1.10399,1.10428,1.10129,1.10281,150329.96019999997
14.10.2019 21:00:00.000,1.10281,1.10463,1.09915,1.10338,225114.4912
15.10.2019 21:00:00.000,1.10331,1.10857,1.10226,1.10720,224179.43789999996
16.10.2019 21:00:00.000,1.10724,1.11400,1.10653,1.11254,221922.65140000003
17.10.2019 21:00:00.000,1.11256,1.11727,1.11149,1.11723,143073.77330000003
18.10.2019 21:00:00.000,1.11723,1.11723,1.11723,1.11723,0
19.10.2019 21:00:00.000,1.11723,1.11723,1.11723,1.11723,0
20.10.2019 21:00:00.000,1.11628,1.11795,1.11388,1.11503,125741.6398
21.10.2019 21:00:00.000,1.11504,1.11570,1.11178,1.11259,127991.5303
22.10.2019 21:00:00.000,1.11259,1.11406,1.11062,1.11310,119611.60289999998
23.10.2019 21:00:00.000,1.11310,1.11630,1.10932,1.11048,175550.08599999998
24.10.2019 21:00:00.000,1.11048,1.11231,1.10731,1.10813,104224.7011
25.10.2019 21:00:00.000,1.10813,1.10813,1.10813,1.10813,0
26.10.2019 21:00:00.000,1.10813,1.10813,1.10813,1.10813,0
27.10.2019 21:00:00.000,1.10819,1.11068,1.10763,1.11003,105446.36989999999
28.10.2019 21:00:00.000,1.11003,1.11187,1.10737,1.11125,120907.1355
29.10.2019 21:00:00.000,1.11125,1.11519,1.10802,1.11513,137074.25559999997
30.10.2019 21:00:00.000,1.11513,1.11758,1.11315,1.11531,143248.7897
31.10.2019 21:00:00.000,1.11531,1.11720,1.11284,1.11675,125786.09500000002
01.11.2019 21:00:00.000,1.11675,1.11675,1.11675,1.11675,0
02.11.2019 21:00:00.000,1.11675,1.11675,1.11675,1.11675,0
03.11.2019 22:00:00.000,1.11705,1.11756,1.11249,1.11294,106130.2696
04.11.2019 22:00:00.000,1.11295,1.11402,1.10637,1.10746,163508.0494
05.11.2019 22:00:00.000,1.10748,1.10929,1.10652,1.10661,124838.83329999998
06.11.2019 22:00:00.000,1.10659,1.10918,1.10361,1.10501,160188.9735
07.11.2019 22:00:00.000,1.10501,1.10556,1.10168,1.10213,114304.01859999998
08.11.2019 22:00:00.000,1.10213,1.10213,1.10213,1.10213,0
09.11.2019 22:00:00.000,1.10213,1.10213,1.10213,1.10213,0
10.11.2019 22:00:00.000,1.10251,1.10431,1.10165,1.10338,88427.37670000001
11.11.2019 22:00:00.000,1.10341,1.10387,1.10026,1.10096,119234.90009999997
12.11.2019 22:00:00.000,1.10096,1.10205,1.09955,1.10076,118444.47089999999
13.11.2019 22:00:00.000,1.10077,1.10277,1.09893,1.10247,119037.75039999999
14.11.2019 22:00:00.000,1.10248,1.10571,1.10147,1.10541,113322.75470000002
15.11.2019 22:00:00.000,1.10541,1.10541,1.10541,1.10541,0
16.11.2019 22:00:00.000,1.10541,1.10541,1.10541,1.10541,0
17.11.2019 22:00:00.000,1.10529,1.10900,1.10506,1.10732,117549.33919999999
18.11.2019 22:00:00.000,1.10733,1.10841,1.10627,1.10790,104423.38979999999
19.11.2019 22:00:00.000,1.10790,1.10823,1.10531,1.10725,127441.5619
20.11.2019 22:00:00.000,1.10740,1.10971,1.10524,1.10593,130227.65190000001
21.11.2019 22:00:00.000,1.10597,1.10877,1.10146,1.10245,155968.35589999997
22.11.2019 22:00:00.000,1.10245,1.10245,1.10245,1.10245,0
23.11.2019 22:00:00.000,1.10245,1.10245,1.10245,1.10245,0
24.11.2019 22:00:00.000,1.10185,1.10322,1.10037,1.10152,107847.21909999999
25.11.2019 22:00:00.000,1.10169,1.10258,1.10072,1.10214,112698.8321
26.11.2019 22:00:00.000,1.10215,1.10247,1.09924,1.09997,109651.93040000001
27.11.2019 22:00:00.000,1.09997,1.10181,1.09997,1.10109,66477.8129
28.11.2019 22:00:00.000,1.10109,1.10285,1.09813,1.10213,104851.6434
29.11.2019 22:00:00.000,1.10213,1.10213,1.10213,1.10213,0
30.11.2019 22:00:00.000,1.10213,1.10213,1.10213,1.10213,0
01.12.2019 22:00:00.000,1.10247,1.10909,1.10031,1.10792,131682.7877
02.12.2019 22:00:00.000,1.10792,1.10937,1.10662,1.10826,130504.917
03.12.2019 22:00:00.000,1.10830,1.11162,1.10668,1.10785,141833.82259999998
04.12.2019 22:00:00.000,1.10784,1.11082,1.10781,1.11043,125719.53940000001
05.12.2019 22:00:00.000,1.11046,1.11099,1.10399,1.10630,122074.83010000002
06.12.2019 22:00:00.000,1.10630,1.10630,1.10630,1.10630,0
07.12.2019 22:00:00.000,1.10630,1.10630,1.10630,1.10630,0
08.12.2019 22:00:00.000,1.10599,1.10780,1.10534,1.10644,103816.3256
09.12.2019 22:00:00.000,1.10644,1.10979,1.10628,1.10930,130805.32229999999
10.12.2019 22:00:00.000,1.10930,1.11450,1.10703,1.11300,153472.3106
11.12.2019 22:00:00.000,1.11303,1.11544,1.11031,1.11313,185609.6717
12.12.2019 22:00:00.000,1.11314,1.11999,1.11053,1.11236,225057.3649
13.12.2019 22:00:00.000,1.11236,1.11236,1.11236,1.11236,0
14.12.2019 22:00:00.000,1.11236,1.11236,1.11236,1.11236,0
15.12.2019 22:00:00.000,1.11302,1.11582,1.11229,1.11446,135170.94019999998
16.12.2019 22:00:00.000,1.11445,1.11747,1.11295,1.11507,159516.3985
17.12.2019 22:00:00.000,1.11501,1.11547,1.11106,1.11144,137700.23529999997
18.12.2019 22:00:00.000,1.11145,1.11444,1.11073,1.11236,153643.6285
19.12.2019 22:00:00.000,1.11234,1.11266,1.10664,1.10812,127964.81030000001
20.12.2019 22:00:00.000,1.10812,1.10812,1.10812,1.10812,0
21.12.2019 22:00:00.000,1.10812,1.10812,1.10812,1.10812,0
22.12.2019 22:00:00.000,1.10834,1.10961,1.10701,1.10898,106612.7894
23.12.2019 22:00:00.000,1.10900,1.10941,1.10693,1.10894,77871.8336
24.12.2019 22:00:00.000,1.10901,1.10907,1.10750,1.10865,4071.21
25.12.2019 22:00:00.000,1.10926,1.11092,1.10825,1.10996,45551.4877
26.12.2019 22:00:00.000,1.10995,1.11885,1.10966,1.11781,132412.69530000002
27.12.2019 22:00:00.000,1.11781,1.11781,1.11781,1.11781,0
28.12.2019 22:00:00.000,1.11781,1.11781,1.11781,1.11781,0
29.12.2019 22:00:00.000,1.11820,1.12209,1.11736,1.11994,122103.82860000001
30.12.2019 22:00:00.000,1.11995,1.12393,1.11989,1.12154,107866.6565
31.12.2019 22:00:00.000,1.12154,1.12154,1.12154,1.12154,0
01.01.2020 22:00:00.000,1.12158,1.12247,1.11638,1.11729,282243.1136
02.01.2020 22:00:00.000,1.11728,1.11800,1.11251,1.11626,224433.12139999997
03.01.2020 22:00:00.000,1.11626,1.11626,1.11626,1.11626,0
04.01.2020 22:00:00.000,1.11626,1.11626,1.11626,1.11626,0
05.01.2020 22:00:00.000,1.11687,1.12058,1.11574,1.11977,138759.67020000002
06.01.2020 22:00:00.000,1.11980,1.11980,1.11337,1.11543,144814.11039999998
07.01.2020 22:00:00.000,1.11543,1.11685,1.11018,1.11060,198430.80980000002
08.01.2020 22:00:00.000,1.11059,1.11206,1.10925,1.11067,141159.40329999998
09.01.2020 22:00:00.000,1.11068,1.11293,1.10852,1.11256,169553.86130000002
10.01.2020 22:00:00.000,1.11256,1.11256,1.11256,1.11256,0
11.01.2020 22:00:00.000,1.11256,1.11256,1.11256,1.11256,0
12.01.2020 22:00:00.000,1.11183,1.11470,1.11127,1.11342,116832.24510000001
13.01.2020 22:00:00.000,1.11348,1.11447,1.11046,1.11292,139675.09740000006
14.01.2020 22:00:00.000,1.11302,1.11635,1.11186,1.11498,142080.84209999998
15.01.2020 22:00:00.000,1.11498,1.11728,1.11281,1.11372,141937.95789999998
16.01.2020 22:00:00.000,1.11368,1.11427,1.10863,1.10920,128990.89709999999
17.01.2020 22:00:00.000,1.10920,1.10920,1.10920,1.10920,0
18.01.2020 22:00:00.000,1.10920,1.10920,1.10920,1.10920,0
19.01.2020 22:00:00.000,1.10940,1.11024,1.10769,1.10957,84358.15679999998
20.01.2020 22:00:00.000,1.10957,1.11181,1.10811,1.10827,125952.8351
21.01.2020 22:00:00.000,1.10827,1.10985,1.10702,1.10932,129385.38
22.01.2020 22:00:00.000,1.10940,1.11089,1.10365,1.10554,165258.51910000003
23.01.2020 22:00:00.000,1.10552,1.10618,1.10197,1.10280,121088.0861
24.01.2020 22:00:00.000,1.10280,1.10280,1.10280,1.10280,0
25.01.2020 22:00:00.000,1.10280,1.10280,1.10280,1.10280,0
26.01.2020 22:00:00.000,1.10355,1.10378,1.10098,1.10196,138436.8923
27.01.2020 22:00:00.000,1.10195,1.10253,1.09980,1.10226,118036.414
28.01.2020 22:00:00.000,1.10226,1.10278,1.09924,1.10107,121954.24590000001
29.01.2020 22:00:00.000,1.10107,1.10395,1.10070,1.10338,138753.89120000004
30.01.2020 22:00:00.000,1.10341,1.10961,1.10170,1.10952,146927.32630000002
31.01.2020 22:00:00.000,1.10952,1.10952,1.10952,1.10952,0
01.02.2020 22:00:00.000,1.10952,1.10952,1.10952,1.10952,0
02.02.2020 22:00:00.000,1.10957,1.10957,1.10361,1.10597,137683.20500000002
03.02.2020 22:00:00.000,1.10597,1.10643,1.10330,1.10450,116109.6299999998
04.02.2020 22:00:00.000,1.10451,1.10481,1.09939,1.09997,127163.99000000015
05.02.2020 22:00:00.000,1.09999,1.10142,1.09885,1.09885,1457.421320430803